Class,Precision,Recall,F1
0,0.8398883,0.9344899,0.8846672
1,0.14379086,0.057894737,0.08255159
2,0.5707472,0.45385587,0.50563383
3,0.51960784,0.38686132,0.44351465
4,0.6179775,0.55,0.58201057
