Accuracy,Macro Precision,Macro Recall,Macro F1
0.38211894035339355,0.44613558053970337,0.38211894035339355,0.40061241388320923
