Accuracy,Macro Precision,Macro Recall,Macro F1
0.4766203761100769,0.5384023785591125,0.4766203761100769,0.49967557191848755
