Accuracy,Macro Precision,Macro Recall,Macro F1
0.4862290322780609,0.39538636803627014,0.4862290322780609,0.4209539294242859
