Accuracy,Macro Precision,Macro Recall,Macro F1
0.3488579988479614,0.0645085796713829,0.3488580286502838,0.10358170419931412
