Class,Precision,Recall,F1
0,0.0,0.0,0.0
1,0.074105866,0.925,0.13721855
2,0.0,0.0,0.0
3,0.09863946,0.3625,0.15508021
4,0.14979757,0.45679012,0.22560975
