epoch,train_loss,train_acc,val_loss,val_acc
1,1.2881871359552546,0.45657859621030156,0.9977765211302061,0.629012192087584
2,1.0368831358625312,0.5350947424606352,1.0286948385153223,0.5563573028116446
3,0.8916919536580395,0.563864424873232,1.061834773960384,0.471759144065688
4,0.7380226949453036,0.6065118761676007,1.052072266762338,0.5150534958945011
5,0.6078152808947088,0.6527888977848946,1.0229389984295065,0.5464045782532968
6,0.49544538830419144,0.7049372831598613,1.0368336211036289,0.570042299079373
7,0.40639572082470665,0.7534560982119028,1.0821312598607884,0.5989052002985817
